{
    "Format": "1.15.0",
    "DynamicTokens": [

        // Standard Dynamic Tokens

        {
            "Name": "IndoorVariant", // Indoors
            "Value": "_Indoor"
        },
        {
            "Name": "IndoorVariant", // Outdoors
            "Value": "_Outdoor",
            "When":
            {
                "IsOutdoors": "true"
            },
        },
        {
            "Name": "WeatherVariant", // Indoors/Outdoors
            "Value": "_Sun"
        },
        {
            "Name": "WeatherVariant", // Rain Indoors/Outdoors
            "Value": "_Rain",
            "When":
            {
                "Season": "spring, summer, fall",
                "Weather": "rain, storm",
            },
        },
        {
            "Name": "WeatherVariant", // Snow Indoors/Outdoors
            "Value": "_Snow",
            "When":
            {
                "Season": "fall, winter", // Fall added for support for CoF
                "Weather": "snow",
            },
        },


        // Festivals

        {
            "Name": "Festival",
            "Value": "EggFestival",
            "When":
            {
                "DayEvent": "egg festival",
                "LocationName": "town, temp"
            }
        },
        {
            "Name": "Festival",
            "Value": "FlowerDance",
            "When":
            {
                "DayEvent": "flower dance",
                "LocationName": "Forest, temp"
            }
        },
        {
            "Name": "Festival",
            "Value": "IceFestival",
            "When":
            {
                "DayEvent": "festival of ice",
                "LocationName": "Forest, temp"
            }
        },
        {
            "Name": "Festival",
            "Value": "Luau",
            "When":
            {
                "DayEvent": "luau",
                "LocationName": "Beach, temp"
            }
        },
        {
            "Name": "Festival",
            "Value": "MoonlightJellies",
            "When":
            {
                "DayEvent": "dance of the moonlight jellies",
                "LocationName": "Beach, temp"
            }
        },
        {
            "Name": "Festival",
            "Value": "SpiritsEve",
            "When":
            {
                "DayEvent": "spirit's eve",
                "LocationName": "town, temp"
            }
        },
        {
            "Name": "Festival",
            "Value": "SVFair",
            "When":
            {
                "DayEvent": "stardew valley fair",
                "LocationName": "town, temp"
            }
        },
        {
            "Name": "Festival",
            "Value": "WinterStar",
            "When":
            {
                "DayEvent": "feast of the winter star",
                "LocationName": "town, temp"
            }
        },
        {
            "Name": "Wedding",
            "Value": "WeddingOutfits",
            "When":
            {
                "DayEvent": "wedding",
            }
        },

        // Mermaid Pendants

        {
            "Name": "MermaidPendantOverlay_Relationship",
            "Value": "Penny",
            "When":
            {
                "Relationship:Penny": "Married, Engaged",
            }
        },

        // Misc

        {
            "Name": "Swimsuits",
            "Value": "Swimsuits",
            "When":
            {
                "LocationName": "beach",
                "Season": "summer",
                "DayEvent |contains=Luau, Dance of the Moonlight Jellies": false,
                "SwimSuitsEnabled": "true"
            }
        },
        {
            "Name": "MermaidPendantOverlay",
            "Value": "MermaidPendantOverlay",
            "When":
            {
                "EnableMermaidPendants": "true"
            }
        },
    ],

    "ConfigSchema":
    {
        "SwimSuitsEnabled":
        {
            "AllowValues": "true, false",
            "Default": "true"
        },
        "EnableMermaidPendants":
        {
            "AllowValues": "true, false",
            "Default": "true"
        },
    },

    "Changes": [

        // Penny

        {
            "LogName": "Penny Main",
            "Action": "EditImage",
            "Target": "Characters/Penny, Portraits/Penny",
            "FromFile": "{{Target}}/Penny_{{season}}{{IndoorVariant}}{{WeatherVariant}}.png",
            "When":
            {
                "HasFile:{{FromFile}}": true,
            },
        },
        {
            "LogName": "Penny Main",
            "Action": "EditImage",
            "Target": "Characters/Penny, Portraits/Penny",
            "FromFile": "{{Target}}/Penny_{{season}}{{WeatherVariant}}.png",
            "When":
            {
                "HasFile:{{FromFile}}": true,
            },
        },

        // Penny Main

        {
            "LogName": "Penny Spring",
            "Action": "EditImage",
            "Target": "Characters/Penny, Portraits/Penny",
            "FromFile": "{{Target}}/Penny_{{Season}}{{IndoorVariant}}{{WeatherVariant}}_{{Random:1, 2, 3, 4, 5 |key=PennySpringVariant}}.png",
            "When":
            {
                "Season": "spring",
                "HasFile:{{FromFile}}": true,

            },
        },
        {
            "LogName": "Penny Summer & Winter",
            "Action": "EditImage",
            "Target": "Characters/Penny, Portraits/Penny",
            "FromFile": "{{Target}}/Penny_{{Season}}{{IndoorVariant}}{{WeatherVariant}}_{{Random:1, 2 |key=PennySummerWinterVariant}}.png",
            "When":
            {
                "Season": "summer, winter",
                "HasFile:{{FromFile}}": true,

            },
        },
        {
            "LogName": "Penny Fall",
            "Action": "EditImage",
            "Target": "Characters/Penny, Portraits/Penny",
            "FromFile": "{{Target}}/Penny_{{Season}}{{IndoorVariant}}{{WeatherVariant}}_{{Random:1, 2, 5 |key=PennyFallVariant}}.png",
            "When":
            {
                "Season": "fall",
                "HasFile:{{FromFile}}": true,

            },
        },

        // Penny Portraits Mermaid Pendant

        {
            "LogName": "Penny Spring - Mermaid Pendant",
            "Action": "EditImage",
            "Target": "Portraits/Penny",
            "FromFile": "Portraits/{{MermaidPendantOverlay}}/{{MermaidPendantOverlay_Relationship}}/Penny_{{Season}}{{IndoorVariant}}{{WeatherVariant}}_{{Random:1, 2, 3, 4, 5 |key=PennySpringVariant}}.png",
            "When":
            {
                "Season": "spring",
                "HasFile:{{FromFile}}": true,
            },
            "PatchMode": "Overlay"
        },
        {
            "LogName": "Penny Summer & Winter - Mermaid Pendant",
            "Action": "EditImage",
            "Target": "Portraits/Penny",
            "FromFile": "Portraits/{{MermaidPendantOverlay}}/{{MermaidPendantOverlay_Relationship}}/Penny_{{Season}}{{IndoorVariant}}{{WeatherVariant}}_{{Random:1, 2 |key=PennySummerWinterVariant}}.png",
            "When":
            {
                "Season": "summer, winter",
                "HasFile:{{FromFile}}": true,
            },
            "PatchMode": "Overlay"
        },
        {
            "LogName": "Penny Fall - Mermaid Pendant",
            "Action": "EditImage",
            "Target": "Portraits/Penny",
            "FromFile": "Portraits/{{MermaidPendantOverlay}}/{{MermaidPendantOverlay_Relationship}}/Penny_{{Season}}{{IndoorVariant}}{{WeatherVariant}}_{{Random:1, 2, 5 |key=PennyFallVariant}}.png",
            "When":
            {
                "Season": "fall",
                "HasFile:{{FromFile}}": true,
            },
            "PatchMode": "Overlay"
        },


        // B E G I N  M A T E R N I T Y  S P R I T E S

        {
            "LogName": "Maternity",
            "Action": "EditImage",
            "Target": "Characters/{{Spouse}}, Portraits/{{Spouse}}",
            "FromFile": "{{Target}}/{{Spouse}}_Maternity.png",
            "When":
            {
                "Spouse": "Penny",
                "Pregnant": true
            }
        },

        // E N D  M A T E R N I T Y  S P R I T E S

        // B E G I N  F E S T I V A L  S P I T E S

        {
            "LogName": "Festival Character Sprites",
            "Action": "EditImage",
            "Target": "Characters/Penny",
            "FromFile": "Characters/Festivals/{{Festival}}/{{TargetWithoutPath}}_{{Festival}}.png",
            "When":
            {
                "HasFile:{{FromFile}}": true
            },
        },

        // Penny

        {
            "LogName": "Penny Egg Festival & Spirit's Eve Character Sprites",
            "Action": "EditImage",
            "Target": "Characters/Penny",
            "FromFile": "Characters/Festivals/{{Festival}}/Penny_{{Festival}}_{{Random:1, 2 |key=PennyEggFestivalSpiritsEveVariant}}.png",
            "When":
            {
                "DayEvent": "Egg Festival, spirit's eve"
            },
        },

        // E N D  F E S T I V A L  C H A R A C T E R S

        // B E G I N  F E S T I V A L  P O R T R A I T S    

        {
            "LogName": "Festival Portrait Sprites",
            "Action": "EditImage",
            "Target": "Portraits/Penny",
            "FromFile": "Portraits/Festivals/{{Festival}}/{{TargetWithoutPath}}_{{Festival}}.png",
            "When":
            {
                "HasFile:{{FromFile}}": true
            },
        },

        // Penny

        {
            "LogName": "Penny Egg Festival & Spirit's Eve Portrait Sprites",
            "Action": "EditImage",
            "Target": "Portraits/Penny",
            "FromFile": "Portraits/Festivals/{{Festival}}/Penny_{{Festival}}_{{Random:1, 2 |key=PennyEggFestivalSpiritsEveVariant}}.png",
            "When":
            {
                "DayEvent": "Egg Festival, spirit's eve"
            },
        },

        // E N D  F E S T I V A L  P O R T R A I T S    

        // B E G I N  S W I M S U I T  C H A R A C T E R S

        {
            "LogName": "Penny Swimsuits Character Sprites",
            "Action": "EditImage",
            "Target": "Characters/Penny",
            "FromFile": "Characters/{{Swimsuits}}/PennySwim_{{Random:blue, yellow}}.png",
        },

        //  E N D  S W I M S U I T  C H A R A C T E R S

        // B E G I N  S W I M S U I T  P O R T R A I T S

        {
            "LogName": "Penny Swimsuits Portrait Sprites",
            "Action": "EditImage",
            "Target": "Portraits/Penny",
            "FromFile": "Portraits/{{Swimsuits}}/PennyPortraitSwim_{{Random:blue, yellow}}.png",

        },

        // E N D  S W I M S U I T  P O R T R A I T S

        // B E G I N  W E D D I N G  C H A R A C T E R S

        {
            "LogName": "Wedding Sprites",
            "Action": "EditImage",
            "Target": "Characters/Penny",
            "FromFile": "Characters/{{Wedding}}/{{TargetWithoutPath}}_Wedding.png",
            "ToArea":
            {
                "X": 0,
                "Y": 288,
                "Width": 48,
                "Height": 32
            },
        },

        // E N D  W E D D I N G  C H A R A C T E R S
    ]
}